-- prompt Loading GEN_SCHEME...
insert into GEN_SCHEME (ID, NAME, CATEGORY, PACKAGE_NAME, MODULE_NAME, SUB_MODULE_NAME, FUNCTION_NAME, FUNCTION_NAME_SIMPLE, FUNCTION_AUTHOR, GEN_TABLE_ID, CREATE_BY, CREATE_DATE, UPDATE_BY, UPDATE_DATE, REMARKS, DEL_FLAG)
values ('9c9de9db6da743bb899036c6546061ac', '单表', 'curd', 'com.swift.jeepower.modules', 'test', null, '单表生成', '单表', 'ThinkGem', 'aef6f1fc948f4c9ab1c1b780bc471cc2', '1', to_timestamp('08-12-2013 11:11:05.943000', 'dd-mm-yyyy hh24:mi:ss.ff'), '1', to_timestamp('08-12-2013 11:28:13.953000', 'dd-mm-yyyy hh24:mi:ss.ff'), null, '0');
insert into GEN_SCHEME (ID, NAME, CATEGORY, PACKAGE_NAME, MODULE_NAME, SUB_MODULE_NAME, FUNCTION_NAME, FUNCTION_NAME_SIMPLE, FUNCTION_AUTHOR, GEN_TABLE_ID, CREATE_BY, CREATE_DATE, UPDATE_BY, UPDATE_DATE, REMARKS, DEL_FLAG)
values ('e6d905fd236b46d1af581dd32bdfb3b0', '主子表', 'curd_many', 'com.swift.jeepower.modules', 'test', null, '主子表生成', '主子表', 'ThinkGem', '43d6d5acffa14c258340ce6765e46c6f', '1', to_timestamp('08-12-2013 11:13:34.428000', 'dd-mm-yyyy hh24:mi:ss.ff'), '1', to_timestamp('08-12-2013 11:42:16.729000', 'dd-mm-yyyy hh24:mi:ss.ff'), null, '0');
insert into GEN_SCHEME (ID, NAME, CATEGORY, PACKAGE_NAME, MODULE_NAME, SUB_MODULE_NAME, FUNCTION_NAME, FUNCTION_NAME_SIMPLE, FUNCTION_AUTHOR, GEN_TABLE_ID, CREATE_BY, CREATE_DATE, UPDATE_BY, UPDATE_DATE, REMARKS, DEL_FLAG)
values ('35a13dc260284a728a270db3f382664b', '树结构', 'treeTable', 'com.swift.jeepower.modules', 'test', null, '树结构生成', '树结构', 'ThinkGem', 'f6e4dafaa72f4c509636484715f33a96', '1', to_timestamp('08-12-2013 11:17:06.818000', 'dd-mm-yyyy hh24:mi:ss.ff'), '1', to_timestamp('08-12-2013 13:50:01.781000', 'dd-mm-yyyy hh24:mi:ss.ff'), null, '0');
commit;
-- prompt 3 records loaded
-- prompt Loading GEN_TABLE...
insert into GEN_TABLE (ID, NAME, COMMENTS, CLASS_NAME, PARENT_TABLE, PARENT_TABLE_FK, CREATE_BY, CREATE_DATE, UPDATE_BY, UPDATE_DATE, REMARKS, DEL_FLAG)
values ('aef6f1fc948f4c9ab1c1b780bc471cc2', 'test_data', '业务数据表', 'TestData', null, null, '1', to_timestamp('08-12-2013 11:10:28.984000', 'dd-mm-yyyy hh24:mi:ss.ff'), '1', to_timestamp('08-12-2013 11:28:00.511000', 'dd-mm-yyyy hh24:mi:ss.ff'), null, '0');
insert into GEN_TABLE (ID, NAME, COMMENTS, CLASS_NAME, PARENT_TABLE, PARENT_TABLE_FK, CREATE_BY, CREATE_DATE, UPDATE_BY, UPDATE_DATE, REMARKS, DEL_FLAG)
values ('43d6d5acffa14c258340ce6765e46c6f', 'test_data_main', '业务数据表', 'TestDataMain', null, null, '1', to_timestamp('08-12-2013 11:11:59.745000', 'dd-mm-yyyy hh24:mi:ss.ff'), '1', to_timestamp('08-12-2013 11:26:16.360000', 'dd-mm-yyyy hh24:mi:ss.ff'), null, '0');
insert into GEN_TABLE (ID, NAME, COMMENTS, CLASS_NAME, PARENT_TABLE, PARENT_TABLE_FK, CREATE_BY, CREATE_DATE, UPDATE_BY, UPDATE_DATE, REMARKS, DEL_FLAG)
values ('6e05c389f3c6415ea34e55e9dfb28934', 'test_data_child', '业务数据子表', 'TestDataChild', 'test_data_main', 'test_data_main_id', '1', to_timestamp('08-12-2013 11:12:57.960000', 'dd-mm-yyyy hh24:mi:ss.ff'), '1', to_timestamp('08-12-2013 11:30:22.324000', 'dd-mm-yyyy hh24:mi:ss.ff'), null, '0');
insert into GEN_TABLE (ID, NAME, COMMENTS, CLASS_NAME, PARENT_TABLE, PARENT_TABLE_FK, CREATE_BY, CREATE_DATE, UPDATE_BY, UPDATE_DATE, REMARKS, DEL_FLAG)
values ('f6e4dafaa72f4c509636484715f33a96', 'test_tree', '树结构表', 'TestTree', null, null, '1', to_timestamp('08-12-2013 11:16:19.093000', 'dd-mm-yyyy hh24:mi:ss.ff'), '1', to_timestamp('08-12-2013 13:49:47.755000', 'dd-mm-yyyy hh24:mi:ss.ff'), null, '0');
commit;
-- prompt 4 records loaded
-- prompt Loading GEN_TABLE_COLUMN...
insert into GEN_TABLE_COLUMN (ID, GEN_TABLE_ID, NAME, COMMENTS, JDBC_TYPE, JAVA_TYPE, JAVA_FIELD, IS_PK, IS_NULL, IS_INSERT, IS_EDIT, IS_LIST, IS_QUERY, QUERY_TYPE, SHOW_TYPE, DICT_TYPE, SETTINGS, SORT, CREATE_BY, CREATE_DATE, UPDATE_BY, UPDATE_DATE, REMARKS, DEL_FLAG)
values ('5e5c69bd3eaa4dcc9743f361f3771c08', 'aef6f1fc948f4c9ab1c1b780bc471cc2', 'id', '编号', 'varchar2(64)', 'String', 'id', '1', '0', '1', '0', '0', '0', '=', 'input', null, null, 1, '1', to_timestamp('08-12-2013 11:10:29.017000', 'dd-mm-yyyy hh24:mi:ss.ff'), '1', to_timestamp('08-12-2013 11:28:00.513000', 'dd-mm-yyyy hh24:mi:ss.ff'), null, '0');
insert into GEN_TABLE_COLUMN (ID, GEN_TABLE_ID, NAME, COMMENTS, JDBC_TYPE, JAVA_TYPE, JAVA_FIELD, IS_PK, IS_NULL, IS_INSERT, IS_EDIT, IS_LIST, IS_QUERY, QUERY_TYPE, SHOW_TYPE, DICT_TYPE, SETTINGS, SORT, CREATE_BY, CREATE_DATE, UPDATE_BY, UPDATE_DATE, REMARKS, DEL_FLAG)
values ('1d5ca4d114be41e99f8dc42a682ba609', 'aef6f1fc948f4c9ab1c1b780bc471cc2', 'user_id', '归属用户', 'varchar2(64)', 'com.swift.jeepower.modules.modules.sys.entity.User', 'user.id|name', '0', '1', '1', '1', '1', '1', '=', 'userselect', null, null, 2, '1', to_timestamp('08-12-2013 11:10:29.125000', 'dd-mm-yyyy hh24:mi:ss.ff'), '1', to_timestamp('08-12-2013 11:28:00.515000', 'dd-mm-yyyy hh24:mi:ss.ff'), null, '0');
insert into GEN_TABLE_COLUMN (ID, GEN_TABLE_ID, NAME, COMMENTS, JDBC_TYPE, JAVA_TYPE, JAVA_FIELD, IS_PK, IS_NULL, IS_INSERT, IS_EDIT, IS_LIST, IS_QUERY, QUERY_TYPE, SHOW_TYPE, DICT_TYPE, SETTINGS, SORT, CREATE_BY, CREATE_DATE, UPDATE_BY, UPDATE_DATE, REMARKS, DEL_FLAG)
values ('ad3bf0d4b44b4528a5211a66af88f322', 'aef6f1fc948f4c9ab1c1b780bc471cc2', 'office_id', '归属部门', 'varchar2(64)', 'com.swift.jeepower.modules.modules.sys.entity.Office', 'office.id|name', '0', '1', '1', '1', '1', '1', '=', 'officeselect', null, null, 3, '1', to_timestamp('08-12-2013 11:10:29.128000', 'dd-mm-yyyy hh24:mi:ss.ff'), '1', to_timestamp('08-12-2013 11:28:00.517000', 'dd-mm-yyyy hh24:mi:ss.ff'), null, '0');
insert into GEN_TABLE_COLUMN (ID, GEN_TABLE_ID, NAME, COMMENTS, JDBC_TYPE, JAVA_TYPE, JAVA_FIELD, IS_PK, IS_NULL, IS_INSERT, IS_EDIT, IS_LIST, IS_QUERY, QUERY_TYPE, SHOW_TYPE, DICT_TYPE, SETTINGS, SORT, CREATE_BY, CREATE_DATE, UPDATE_BY, UPDATE_DATE, REMARKS, DEL_FLAG)
values ('71ea4bc10d274911b405f3165fc1bb1a', 'aef6f1fc948f4c9ab1c1b780bc471cc2', 'area_id', '归属区域', 'nvarchar2(64)', 'com.swift.jeepower.modules.modules.sys.entity.Area', 'area.id|name', '0', '1', '1', '1', '1', '1', '=', 'areaselect', null, null, 4, '1', to_timestamp('08-12-2013 11:10:29.130000', 'dd-mm-yyyy hh24:mi:ss.ff'), '1', to_timestamp('08-12-2013 11:28:00.520000', 'dd-mm-yyyy hh24:mi:ss.ff'), null, '0');
insert into GEN_TABLE_COLUMN (ID, GEN_TABLE_ID, NAME, COMMENTS, JDBC_TYPE, JAVA_TYPE, JAVA_FIELD, IS_PK, IS_NULL, IS_INSERT, IS_EDIT, IS_LIST, IS_QUERY, QUERY_TYPE, SHOW_TYPE, DICT_TYPE, SETTINGS, SORT, CREATE_BY, CREATE_DATE, UPDATE_BY, UPDATE_DATE, REMARKS, DEL_FLAG)
values ('4a0a1fff86ca46519477d66b82e01991', 'aef6f1fc948f4c9ab1c1b780bc471cc2', 'name', '名称', 'nvarchar2(100)', 'String', 'name', '0', '1', '1', '1', '1', '1', 'like', 'input', null, null, 5, '1', to_timestamp('08-12-2013 11:10:29.131000', 'dd-mm-yyyy hh24:mi:ss.ff'), '1', to_timestamp('08-12-2013 11:28:00.522000', 'dd-mm-yyyy hh24:mi:ss.ff'), null, '0');
insert into GEN_TABLE_COLUMN (ID, GEN_TABLE_ID, NAME, COMMENTS, JDBC_TYPE, JAVA_TYPE, JAVA_FIELD, IS_PK, IS_NULL, IS_INSERT, IS_EDIT, IS_LIST, IS_QUERY, QUERY_TYPE, SHOW_TYPE, DICT_TYPE, SETTINGS, SORT, CREATE_BY, CREATE_DATE, UPDATE_BY, UPDATE_DATE, REMARKS, DEL_FLAG)
values ('0902a0cb3e8f434280c20e9d771d0658', 'aef6f1fc948f4c9ab1c1b780bc471cc2', 'sex', '性别', 'char(1)', 'String', 'sex', '0', '1', '1', '1', '1', '1', '=', 'radiobox', 'sex', null, 6, '1', to_timestamp('08-12-2013 11:10:29.133000', 'dd-mm-yyyy hh24:mi:ss.ff'), '1', to_timestamp('08-12-2013 11:28:00.524000', 'dd-mm-yyyy hh24:mi:ss.ff'), null, '0');
insert into GEN_TABLE_COLUMN (ID, GEN_TABLE_ID, NAME, COMMENTS, JDBC_TYPE, JAVA_TYPE, JAVA_FIELD, IS_PK, IS_NULL, IS_INSERT, IS_EDIT, IS_LIST, IS_QUERY, QUERY_TYPE, SHOW_TYPE, DICT_TYPE, SETTINGS, SORT, CREATE_BY, CREATE_DATE, UPDATE_BY, UPDATE_DATE, REMARKS, DEL_FLAG)
values ('1b8eb55f65284fa6b0a5879b6d8ad3ec', 'aef6f1fc948f4c9ab1c1b780bc471cc2', 'in_date', '加入日期', 'date(7)', 'java.util.Date', 'inDate', '0', '1', '1', '1', '0', '1', 'between', 'dateselect', null, null, 7, '1', to_timestamp('08-12-2013 11:10:29.134000', 'dd-mm-yyyy hh24:mi:ss.ff'), '1', to_timestamp('08-12-2013 11:28:00.526000', 'dd-mm-yyyy hh24:mi:ss.ff'), null, '0');
insert into GEN_TABLE_COLUMN (ID, GEN_TABLE_ID, NAME, COMMENTS, JDBC_TYPE, JAVA_TYPE, JAVA_FIELD, IS_PK, IS_NULL, IS_INSERT, IS_EDIT, IS_LIST, IS_QUERY, QUERY_TYPE, SHOW_TYPE, DICT_TYPE, SETTINGS, SORT, CREATE_BY, CREATE_DATE, UPDATE_BY, UPDATE_DATE, REMARKS, DEL_FLAG)
values ('398b4a03f06940bfb979ca574e1911e3', 'aef6f1fc948f4c9ab1c1b780bc471cc2', 'create_by', '创建者', 'varchar2(64)', 'com.swift.jeepower.modules.modules.sys.entity.User', 'createBy.id', '0', '0', '1', '0', '0', '0', '=', 'input', null, null, 8, '1', to_timestamp('08-12-2013 11:10:29.136000', 'dd-mm-yyyy hh24:mi:ss.ff'), '1', to_timestamp('08-12-2013 11:28:00.700000', 'dd-mm-yyyy hh24:mi:ss.ff'), null, '0');
insert into GEN_TABLE_COLUMN (ID, GEN_TABLE_ID, NAME, COMMENTS, JDBC_TYPE, JAVA_TYPE, JAVA_FIELD, IS_PK, IS_NULL, IS_INSERT, IS_EDIT, IS_LIST, IS_QUERY, QUERY_TYPE, SHOW_TYPE, DICT_TYPE, SETTINGS, SORT, CREATE_BY, CREATE_DATE, UPDATE_BY, UPDATE_DATE, REMARKS, DEL_FLAG)
values ('103fc05c88ff40639875c2111881996a', 'aef6f1fc948f4c9ab1c1b780bc471cc2', 'create_date', '创建时间', 'timestamp(6)', 'java.util.Date', 'createDate', '0', '0', '1', '0', '0', '0', '=', 'dateselect', null, null, 9, '1', to_timestamp('08-12-2013 11:10:29.137000', 'dd-mm-yyyy hh24:mi:ss.ff'), '1', to_timestamp('08-12-2013 11:28:00.717000', 'dd-mm-yyyy hh24:mi:ss.ff'), null, '0');
insert into GEN_TABLE_COLUMN (ID, GEN_TABLE_ID, NAME, COMMENTS, JDBC_TYPE, JAVA_TYPE, JAVA_FIELD, IS_PK, IS_NULL, IS_INSERT, IS_EDIT, IS_LIST, IS_QUERY, QUERY_TYPE, SHOW_TYPE, DICT_TYPE, SETTINGS, SORT, CREATE_BY, CREATE_DATE, UPDATE_BY, UPDATE_DATE, REMARKS, DEL_FLAG)
values ('5a4a1933c9c844fdba99de043dc8205e', 'aef6f1fc948f4c9ab1c1b780bc471cc2', 'update_by', '更新者', 'varchar2(64)', 'com.swift.jeepower.modules.modules.sys.entity.User', 'updateBy.id', '0', '0', '1', '1', '0', '0', '=', 'input', null, null, 10, '1', to_timestamp('08-12-2013 11:10:29.138000', 'dd-mm-yyyy hh24:mi:ss.ff'), '1', to_timestamp('08-12-2013 11:28:00.721000', 'dd-mm-yyyy hh24:mi:ss.ff'), null, '0');
insert into GEN_TABLE_COLUMN (ID, GEN_TABLE_ID, NAME, COMMENTS, JDBC_TYPE, JAVA_TYPE, JAVA_FIELD, IS_PK, IS_NULL, IS_INSERT, IS_EDIT, IS_LIST, IS_QUERY, QUERY_TYPE, SHOW_TYPE, DICT_TYPE, SETTINGS, SORT, CREATE_BY, CREATE_DATE, UPDATE_BY, UPDATE_DATE, REMARKS, DEL_FLAG)
values ('eb2e5afd13f147a990d30e68e7f64e12', 'aef6f1fc948f4c9ab1c1b780bc471cc2', 'update_date', '更新时间', 'timestamp(6)', 'java.util.Date', 'updateDate', '0', '0', '1', '1', '1', '0', '=', 'dateselect', null, null, 11, '1', to_timestamp('08-12-2013 11:10:29.140000', 'dd-mm-yyyy hh24:mi:ss.ff'), '1', to_timestamp('08-12-2013 11:28:00.723000', 'dd-mm-yyyy hh24:mi:ss.ff'), null, '0');
insert into GEN_TABLE_COLUMN (ID, GEN_TABLE_ID, NAME, COMMENTS, JDBC_TYPE, JAVA_TYPE, JAVA_FIELD, IS_PK, IS_NULL, IS_INSERT, IS_EDIT, IS_LIST, IS_QUERY, QUERY_TYPE, SHOW_TYPE, DICT_TYPE, SETTINGS, SORT, CREATE_BY, CREATE_DATE, UPDATE_BY, UPDATE_DATE, REMARKS, DEL_FLAG)
values ('8da38dbe5fe54e9bb1f9682c27fbf403', 'aef6f1fc948f4c9ab1c1b780bc471cc2', 'remarks', '备注信息', 'nvarchar2(255)', 'String', 'remarks', '0', '1', '1', '1', '1', '0', '=', 'textarea', null, null, 12, '1', to_timestamp('08-12-2013 11:10:29.142000', 'dd-mm-yyyy hh24:mi:ss.ff'), '1', to_timestamp('08-12-2013 11:28:00.724000', 'dd-mm-yyyy hh24:mi:ss.ff'), null, '0');
insert into GEN_TABLE_COLUMN (ID, GEN_TABLE_ID, NAME, COMMENTS, JDBC_TYPE, JAVA_TYPE, JAVA_FIELD, IS_PK, IS_NULL, IS_INSERT, IS_EDIT, IS_LIST, IS_QUERY, QUERY_TYPE, SHOW_TYPE, DICT_TYPE, SETTINGS, SORT, CREATE_BY, CREATE_DATE, UPDATE_BY, UPDATE_DATE, REMARKS, DEL_FLAG)
values ('35af241859624a01917ab64c3f4f0813', 'aef6f1fc948f4c9ab1c1b780bc471cc2', 'del_flag', '删除标记（0：正常；1：删除）', 'char(1)', 'String', 'delFlag', '0', '0', '1', '0', '0', '0', '=', 'radiobox', 'del_flag', null, 13, '1', to_timestamp('08-12-2013 11:10:29.144000', 'dd-mm-yyyy hh24:mi:ss.ff'), '1', to_timestamp('08-12-2013 11:28:00.726000', 'dd-mm-yyyy hh24:mi:ss.ff'), null, '0');
insert into GEN_TABLE_COLUMN (ID, GEN_TABLE_ID, NAME, COMMENTS, JDBC_TYPE, JAVA_TYPE, JAVA_FIELD, IS_PK, IS_NULL, IS_INSERT, IS_EDIT, IS_LIST, IS_QUERY, QUERY_TYPE, SHOW_TYPE, DICT_TYPE, SETTINGS, SORT, CREATE_BY, CREATE_DATE, UPDATE_BY, UPDATE_DATE, REMARKS, DEL_FLAG)
values ('19c6478b8ff54c60910c2e4fc3d27503', '43d6d5acffa14c258340ce6765e46c6f', 'id', '编号', 'varchar2(64)', 'String', 'id', '1', '0', '1', '0', '0', '0', '=', 'input', null, null, 1, '1', to_timestamp('08-12-2013 11:11:59.747000', 'dd-mm-yyyy hh24:mi:ss.ff'), '1', to_timestamp('08-12-2013 11:26:16.362000', 'dd-mm-yyyy hh24:mi:ss.ff'), null, '0');
insert into GEN_TABLE_COLUMN (ID, GEN_TABLE_ID, NAME, COMMENTS, JDBC_TYPE, JAVA_TYPE, JAVA_FIELD, IS_PK, IS_NULL, IS_INSERT, IS_EDIT, IS_LIST, IS_QUERY, QUERY_TYPE, SHOW_TYPE, DICT_TYPE, SETTINGS, SORT, CREATE_BY, CREATE_DATE, UPDATE_BY, UPDATE_DATE, REMARKS, DEL_FLAG)
values ('8b9de88df53e485d8ef461c4b1824bc1', '43d6d5acffa14c258340ce6765e46c6f', 'user_id', '归属用户', 'varchar2(64)', 'com.swift.jeepower.modules.modules.sys.entity.User', 'user.id|name', '0', '1', '1', '1', '1', '1', '=', 'userselect', null, null, 2, '1', to_timestamp('08-12-2013 11:11:59.749000', 'dd-mm-yyyy hh24:mi:ss.ff'), '1', to_timestamp('08-12-2013 11:26:16.365000', 'dd-mm-yyyy hh24:mi:ss.ff'), null, '0');
insert into GEN_TABLE_COLUMN (ID, GEN_TABLE_ID, NAME, COMMENTS, JDBC_TYPE, JAVA_TYPE, JAVA_FIELD, IS_PK, IS_NULL, IS_INSERT, IS_EDIT, IS_LIST, IS_QUERY, QUERY_TYPE, SHOW_TYPE, DICT_TYPE, SETTINGS, SORT, CREATE_BY, CREATE_DATE, UPDATE_BY, UPDATE_DATE, REMARKS, DEL_FLAG)
values ('ca68a2d403f0449cbaa1d54198c6f350', '43d6d5acffa14c258340ce6765e46c6f', 'office_id', '归属部门', 'varchar2(64)', 'com.swift.jeepower.modules.modules.sys.entity.Office', 'office.id|name', '0', '1', '1', '1', '0', '0', '=', 'officeselect', null, null, 3, '1', to_timestamp('08-12-2013 11:11:59.751000', 'dd-mm-yyyy hh24:mi:ss.ff'), '1', to_timestamp('08-12-2013 11:26:16.367000', 'dd-mm-yyyy hh24:mi:ss.ff'), null, '0');
insert into GEN_TABLE_COLUMN (ID, GEN_TABLE_ID, NAME, COMMENTS, JDBC_TYPE, JAVA_TYPE, JAVA_FIELD, IS_PK, IS_NULL, IS_INSERT, IS_EDIT, IS_LIST, IS_QUERY, QUERY_TYPE, SHOW_TYPE, DICT_TYPE, SETTINGS, SORT, CREATE_BY, CREATE_DATE, UPDATE_BY, UPDATE_DATE, REMARKS, DEL_FLAG)
values ('3a7cf23ae48a4c849ceb03feffc7a524', '43d6d5acffa14c258340ce6765e46c6f', 'area_id', '归属区域', 'nvarchar2(64)', 'com.swift.jeepower.modules.modules.sys.entity.Area', 'area.id|name', '0', '1', '1', '1', '0', '0', '=', 'areaselect', null, null, 4, '1', to_timestamp('08-12-2013 11:11:59.754000', 'dd-mm-yyyy hh24:mi:ss.ff'), '1', to_timestamp('08-12-2013 11:26:16.372000', 'dd-mm-yyyy hh24:mi:ss.ff'), null, '0');
insert into GEN_TABLE_COLUMN (ID, GEN_TABLE_ID, NAME, COMMENTS, JDBC_TYPE, JAVA_TYPE, JAVA_FIELD, IS_PK, IS_NULL, IS_INSERT, IS_EDIT, IS_LIST, IS_QUERY, QUERY_TYPE, SHOW_TYPE, DICT_TYPE, SETTINGS, SORT, CREATE_BY, CREATE_DATE, UPDATE_BY, UPDATE_DATE, REMARKS, DEL_FLAG)
values ('67d0331f809a48ee825602659f0778e8', '43d6d5acffa14c258340ce6765e46c6f', 'name', '名称', 'nvarchar2(100)', 'String', 'name', '0', '1', '1', '1', '1', '1', 'like', 'input', null, null, 5, '1', to_timestamp('08-12-2013 11:11:59.756000', 'dd-mm-yyyy hh24:mi:ss.ff'), '1', to_timestamp('08-12-2013 11:26:16.374000', 'dd-mm-yyyy hh24:mi:ss.ff'), null, '0');
insert into GEN_TABLE_COLUMN (ID, GEN_TABLE_ID, NAME, COMMENTS, JDBC_TYPE, JAVA_TYPE, JAVA_FIELD, IS_PK, IS_NULL, IS_INSERT, IS_EDIT, IS_LIST, IS_QUERY, QUERY_TYPE, SHOW_TYPE, DICT_TYPE, SETTINGS, SORT, CREATE_BY, CREATE_DATE, UPDATE_BY, UPDATE_DATE, REMARKS, DEL_FLAG)
values ('d5c2d932ae904aa8a9f9ef34cd36fb0b', '43d6d5acffa14c258340ce6765e46c6f', 'sex', '性别', 'char(1)', 'String', 'sex', '0', '1', '1', '1', '0', '1', '=', 'select', 'sex', null, 6, '1', to_timestamp('08-12-2013 11:11:59.757000', 'dd-mm-yyyy hh24:mi:ss.ff'), '1', to_timestamp('08-12-2013 11:26:16.376000', 'dd-mm-yyyy hh24:mi:ss.ff'), null, '0');
insert into GEN_TABLE_COLUMN (ID, GEN_TABLE_ID, NAME, COMMENTS, JDBC_TYPE, JAVA_TYPE, JAVA_FIELD, IS_PK, IS_NULL, IS_INSERT, IS_EDIT, IS_LIST, IS_QUERY, QUERY_TYPE, SHOW_TYPE, DICT_TYPE, SETTINGS, SORT, CREATE_BY, CREATE_DATE, UPDATE_BY, UPDATE_DATE, REMARKS, DEL_FLAG)
values ('1ac6562f753d4e599693840651ab2bf7', '43d6d5acffa14c258340ce6765e46c6f', 'in_date', '加入日期', 'date(7)', 'java.util.Date', 'inDate', '0', '1', '1', '1', '0', '0', '=', 'dateselect', null, null, 7, '1', to_timestamp('08-12-2013 11:11:59.758000', 'dd-mm-yyyy hh24:mi:ss.ff'), '1', to_timestamp('08-12-2013 11:26:16.378000', 'dd-mm-yyyy hh24:mi:ss.ff'), null, '0');
insert into GEN_TABLE_COLUMN (ID, GEN_TABLE_ID, NAME, COMMENTS, JDBC_TYPE, JAVA_TYPE, JAVA_FIELD, IS_PK, IS_NULL, IS_INSERT, IS_EDIT, IS_LIST, IS_QUERY, QUERY_TYPE, SHOW_TYPE, DICT_TYPE, SETTINGS, SORT, CREATE_BY, CREATE_DATE, UPDATE_BY, UPDATE_DATE, REMARKS, DEL_FLAG)
values ('8b48774cfe184913b8b5eb17639cf12d', '43d6d5acffa14c258340ce6765e46c6f', 'create_by', '创建者', 'varchar2(64)', 'com.swift.jeepower.modules.modules.sys.entity.User', 'createBy.id', '0', '0', '1', '0', '0', '0', '=', 'input', null, null, 8, '1', to_timestamp('08-12-2013 11:11:59.760000', 'dd-mm-yyyy hh24:mi:ss.ff'), '1', to_timestamp('08-12-2013 11:26:16.379000', 'dd-mm-yyyy hh24:mi:ss.ff'), null, '0');
insert into GEN_TABLE_COLUMN (ID, GEN_TABLE_ID, NAME, COMMENTS, JDBC_TYPE, JAVA_TYPE, JAVA_FIELD, IS_PK, IS_NULL, IS_INSERT, IS_EDIT, IS_LIST, IS_QUERY, QUERY_TYPE, SHOW_TYPE, DICT_TYPE, SETTINGS, SORT, CREATE_BY, CREATE_DATE, UPDATE_BY, UPDATE_DATE, REMARKS, DEL_FLAG)
values ('4c8ef12cb6924b9ba44048ba9913150b', '43d6d5acffa14c258340ce6765e46c6f', 'create_date', '创建时间', 'timestamp(6)', 'java.util.Date', 'createDate', '0', '0', '1', '0', '0', '0', '=', 'dateselect', null, null, 9, '1', to_timestamp('08-12-2013 11:11:59.761000', 'dd-mm-yyyy hh24:mi:ss.ff'), '1', to_timestamp('08-12-2013 11:26:16.381000', 'dd-mm-yyyy hh24:mi:ss.ff'), null, '0');
insert into GEN_TABLE_COLUMN (ID, GEN_TABLE_ID, NAME, COMMENTS, JDBC_TYPE, JAVA_TYPE, JAVA_FIELD, IS_PK, IS_NULL, IS_INSERT, IS_EDIT, IS_LIST, IS_QUERY, QUERY_TYPE, SHOW_TYPE, DICT_TYPE, SETTINGS, SORT, CREATE_BY, CREATE_DATE, UPDATE_BY, UPDATE_DATE, REMARKS, DEL_FLAG)
values ('21756504ffdc487eb167a823f89c0c06', '43d6d5acffa14c258340ce6765e46c6f', 'update_by', '更新者', 'varchar2(64)', 'com.swift.jeepower.modules.modules.sys.entity.User', 'updateBy.id', '0', '0', '1', '1', '0', '0', '=', 'input', null, null, 10, '1', to_timestamp('08-12-2013 11:11:59.763000', 'dd-mm-yyyy hh24:mi:ss.ff'), '1', to_timestamp('08-12-2013 11:26:16.383000', 'dd-mm-yyyy hh24:mi:ss.ff'), null, '0');
insert into GEN_TABLE_COLUMN (ID, GEN_TABLE_ID, NAME, COMMENTS, JDBC_TYPE, JAVA_TYPE, JAVA_FIELD, IS_PK, IS_NULL, IS_INSERT, IS_EDIT, IS_LIST, IS_QUERY, QUERY_TYPE, SHOW_TYPE, DICT_TYPE, SETTINGS, SORT, CREATE_BY, CREATE_DATE, UPDATE_BY, UPDATE_DATE, REMARKS, DEL_FLAG)
values ('3d9c32865bb44e85af73381df0ffbf3d', '43d6d5acffa14c258340ce6765e46c6f', 'update_date', '更新时间', 'timestamp(6)', 'java.util.Date', 'updateDate', '0', '0', '1', '1', '1', '0', '=', 'dateselect', null, null, 11, '1', to_timestamp('08-12-2013 11:11:59.764000', 'dd-mm-yyyy hh24:mi:ss.ff'), '1', to_timestamp('08-12-2013 11:26:16.385000', 'dd-mm-yyyy hh24:mi:ss.ff'), null, '0');
insert into GEN_TABLE_COLUMN (ID, GEN_TABLE_ID, NAME, COMMENTS, JDBC_TYPE, JAVA_TYPE, JAVA_FIELD, IS_PK, IS_NULL, IS_INSERT, IS_EDIT, IS_LIST, IS_QUERY, QUERY_TYPE, SHOW_TYPE, DICT_TYPE, SETTINGS, SORT, CREATE_BY, CREATE_DATE, UPDATE_BY, UPDATE_DATE, REMARKS, DEL_FLAG)
values ('cb9c0ec3da26432d9cbac05ede0fd1d0', '43d6d5acffa14c258340ce6765e46c6f', 'remarks', '备注信息', 'nvarchar2(255)', 'String', 'remarks', '0', '1', '1', '1', '1', '0', '=', 'textarea', null, null, 12, '1', to_timestamp('08-12-2013 11:11:59.765000', 'dd-mm-yyyy hh24:mi:ss.ff'), '1', to_timestamp('08-12-2013 11:26:16.386000', 'dd-mm-yyyy hh24:mi:ss.ff'), null, '0');
insert into GEN_TABLE_COLUMN (ID, GEN_TABLE_ID, NAME, COMMENTS, JDBC_TYPE, JAVA_TYPE, JAVA_FIELD, IS_PK, IS_NULL, IS_INSERT, IS_EDIT, IS_LIST, IS_QUERY, QUERY_TYPE, SHOW_TYPE, DICT_TYPE, SETTINGS, SORT, CREATE_BY, CREATE_DATE, UPDATE_BY, UPDATE_DATE, REMARKS, DEL_FLAG)
values ('e8d11127952d4aa288bb3901fc83127f', '43d6d5acffa14c258340ce6765e46c6f', 'del_flag', '删除标记（0：正常；1：删除）', 'char(1)', 'String', 'delFlag', '0', '0', '1', '0', '0', '0', '=', 'radiobox', 'del_flag', null, 13, '1', to_timestamp('08-12-2013 11:11:59.767000', 'dd-mm-yyyy hh24:mi:ss.ff'), '1', to_timestamp('08-12-2013 11:26:16.388000', 'dd-mm-yyyy hh24:mi:ss.ff'), null, '0');
insert into GEN_TABLE_COLUMN (ID, GEN_TABLE_ID, NAME, COMMENTS, JDBC_TYPE, JAVA_TYPE, JAVA_FIELD, IS_PK, IS_NULL, IS_INSERT, IS_EDIT, IS_LIST, IS_QUERY, QUERY_TYPE, SHOW_TYPE, DICT_TYPE, SETTINGS, SORT, CREATE_BY, CREATE_DATE, UPDATE_BY, UPDATE_DATE, REMARKS, DEL_FLAG)
values ('33152ce420904594b3eac796a27f0560', '6e05c389f3c6415ea34e55e9dfb28934', 'id', '编号', 'varchar2(64)', 'String', 'id', '1', '0', '1', '0', '0', '0', '=', 'input', null, null, 1, '1', to_timestamp('08-12-2013 11:12:57.962000', 'dd-mm-yyyy hh24:mi:ss.ff'), '1', to_timestamp('08-12-2013 11:30:22.326000', 'dd-mm-yyyy hh24:mi:ss.ff'), null, '0');
insert into GEN_TABLE_COLUMN (ID, GEN_TABLE_ID, NAME, COMMENTS, JDBC_TYPE, JAVA_TYPE, JAVA_FIELD, IS_PK, IS_NULL, IS_INSERT, IS_EDIT, IS_LIST, IS_QUERY, QUERY_TYPE, SHOW_TYPE, DICT_TYPE, SETTINGS, SORT, CREATE_BY, CREATE_DATE, UPDATE_BY, UPDATE_DATE, REMARKS, DEL_FLAG)
values ('68345713bef3445c906f70e68f55de38', '6e05c389f3c6415ea34e55e9dfb28934', 'test_data_main_id', '业务主表', 'varchar2(64)', 'String', 'testDataMain.id', '0', '1', '1', '1', '0', '0', '=', 'input', null, null, 2, '1', to_timestamp('08-12-2013 11:12:57.964000', 'dd-mm-yyyy hh24:mi:ss.ff'), '1', to_timestamp('08-12-2013 11:30:22.327000', 'dd-mm-yyyy hh24:mi:ss.ff'), null, '0');
insert into GEN_TABLE_COLUMN (ID, GEN_TABLE_ID, NAME, COMMENTS, JDBC_TYPE, JAVA_TYPE, JAVA_FIELD, IS_PK, IS_NULL, IS_INSERT, IS_EDIT, IS_LIST, IS_QUERY, QUERY_TYPE, SHOW_TYPE, DICT_TYPE, SETTINGS, SORT, CREATE_BY, CREATE_DATE, UPDATE_BY, UPDATE_DATE, REMARKS, DEL_FLAG)
values ('e64050a2ebf041faa16f12dda5dcf784', '6e05c389f3c6415ea34e55e9dfb28934', 'name', '名称', 'nvarchar2(100)', 'String', 'name', '0', '1', '1', '1', '1', '1', 'like', 'input', null, null, 3, '1', to_timestamp('08-12-2013 11:12:57.966000', 'dd-mm-yyyy hh24:mi:ss.ff'), '1', to_timestamp('08-12-2013 11:30:22.329000', 'dd-mm-yyyy hh24:mi:ss.ff'), null, '0');
insert into GEN_TABLE_COLUMN (ID, GEN_TABLE_ID, NAME, COMMENTS, JDBC_TYPE, JAVA_TYPE, JAVA_FIELD, IS_PK, IS_NULL, IS_INSERT, IS_EDIT, IS_LIST, IS_QUERY, QUERY_TYPE, SHOW_TYPE, DICT_TYPE, SETTINGS, SORT, CREATE_BY, CREATE_DATE, UPDATE_BY, UPDATE_DATE, REMARKS, DEL_FLAG)
values ('12fa38dd986e41908f7fefa5839d1220', '6e05c389f3c6415ea34e55e9dfb28934', 'create_by', '创建者', 'varchar2(64)', 'com.swift.jeepower.modules.modules.sys.entity.User', 'createBy.id', '0', '0', '1', '0', '0', '0', '=', 'input', null, null, 4, '1', to_timestamp('08-12-2013 11:12:57.967000', 'dd-mm-yyyy hh24:mi:ss.ff'), '1', to_timestamp('08-12-2013 11:30:22.330000', 'dd-mm-yyyy hh24:mi:ss.ff'), null, '0');
insert into GEN_TABLE_COLUMN (ID, GEN_TABLE_ID, NAME, COMMENTS, JDBC_TYPE, JAVA_TYPE, JAVA_FIELD, IS_PK, IS_NULL, IS_INSERT, IS_EDIT, IS_LIST, IS_QUERY, QUERY_TYPE, SHOW_TYPE, DICT_TYPE, SETTINGS, SORT, CREATE_BY, CREATE_DATE, UPDATE_BY, UPDATE_DATE, REMARKS, DEL_FLAG)
values ('8b7cf0525519474ebe1de9e587eb7067', '6e05c389f3c6415ea34e55e9dfb28934', 'create_date', '创建时间', 'timestamp(6)', 'java.util.Date', 'createDate', '0', '0', '1', '0', '0', '0', '=', 'dateselect', null, null, 5, '1', to_timestamp('08-12-2013 11:12:57.968000', 'dd-mm-yyyy hh24:mi:ss.ff'), '1', to_timestamp('08-12-2013 11:30:22.332000', 'dd-mm-yyyy hh24:mi:ss.ff'), null, '0');
insert into GEN_TABLE_COLUMN (ID, GEN_TABLE_ID, NAME, COMMENTS, JDBC_TYPE, JAVA_TYPE, JAVA_FIELD, IS_PK, IS_NULL, IS_INSERT, IS_EDIT, IS_LIST, IS_QUERY, QUERY_TYPE, SHOW_TYPE, DICT_TYPE, SETTINGS, SORT, CREATE_BY, CREATE_DATE, UPDATE_BY, UPDATE_DATE, REMARKS, DEL_FLAG)
values ('56fa71c0bd7e4132931874e548dc9ba5', '6e05c389f3c6415ea34e55e9dfb28934', 'update_by', '更新者', 'varchar2(64)', 'com.swift.jeepower.modules.modules.sys.entity.User', 'updateBy.id', '0', '0', '1', '1', '0', '0', '=', 'input', null, null, 6, '1', to_timestamp('08-12-2013 11:12:57.969000', 'dd-mm-yyyy hh24:mi:ss.ff'), '1', to_timestamp('08-12-2013 11:30:22.333000', 'dd-mm-yyyy hh24:mi:ss.ff'), null, '0');
insert into GEN_TABLE_COLUMN (ID, GEN_TABLE_ID, NAME, COMMENTS, JDBC_TYPE, JAVA_TYPE, JAVA_FIELD, IS_PK, IS_NULL, IS_INSERT, IS_EDIT, IS_LIST, IS_QUERY, QUERY_TYPE, SHOW_TYPE, DICT_TYPE, SETTINGS, SORT, CREATE_BY, CREATE_DATE, UPDATE_BY, UPDATE_DATE, REMARKS, DEL_FLAG)
values ('652491500f2641ffa7caf95a93e64d34', '6e05c389f3c6415ea34e55e9dfb28934', 'update_date', '更新时间', 'timestamp(6)', 'java.util.Date', 'updateDate', '0', '0', '1', '1', '1', '0', '=', 'dateselect', null, null, 7, '1', to_timestamp('08-12-2013 11:12:57.971000', 'dd-mm-yyyy hh24:mi:ss.ff'), '1', to_timestamp('08-12-2013 11:30:22.334000', 'dd-mm-yyyy hh24:mi:ss.ff'), null, '0');
insert into GEN_TABLE_COLUMN (ID, GEN_TABLE_ID, NAME, COMMENTS, JDBC_TYPE, JAVA_TYPE, JAVA_FIELD, IS_PK, IS_NULL, IS_INSERT, IS_EDIT, IS_LIST, IS_QUERY, QUERY_TYPE, SHOW_TYPE, DICT_TYPE, SETTINGS, SORT, CREATE_BY, CREATE_DATE, UPDATE_BY, UPDATE_DATE, REMARKS, DEL_FLAG)
values ('7f871058d94c4d9a89084be7c9ce806d', '6e05c389f3c6415ea34e55e9dfb28934', 'remarks', '备注信息', 'nvarchar2(255)', 'String', 'remarks', '0', '1', '1', '1', '1', '0', '=', 'input', null, null, 8, '1', to_timestamp('08-12-2013 11:12:57.973000', 'dd-mm-yyyy hh24:mi:ss.ff'), '1', to_timestamp('08-12-2013 11:30:22.335000', 'dd-mm-yyyy hh24:mi:ss.ff'), null, '0');
insert into GEN_TABLE_COLUMN (ID, GEN_TABLE_ID, NAME, COMMENTS, JDBC_TYPE, JAVA_TYPE, JAVA_FIELD, IS_PK, IS_NULL, IS_INSERT, IS_EDIT, IS_LIST, IS_QUERY, QUERY_TYPE, SHOW_TYPE, DICT_TYPE, SETTINGS, SORT, CREATE_BY, CREATE_DATE, UPDATE_BY, UPDATE_DATE, REMARKS, DEL_FLAG)
values ('53d65a3d306d4fac9e561db9d3c66912', '6e05c389f3c6415ea34e55e9dfb28934', 'del_flag', '删除标记（0：正常；1：删除）', 'char(1)', 'String', 'delFlag', '0', '0', '1', '0', '0', '0', '=', 'radiobox', 'del_flag', null, 9, '1', to_timestamp('08-12-2013 11:12:57.975000', 'dd-mm-yyyy hh24:mi:ss.ff'), '1', to_timestamp('08-12-2013 11:30:22.337000', 'dd-mm-yyyy hh24:mi:ss.ff'), null, '0');
insert into GEN_TABLE_COLUMN (ID, GEN_TABLE_ID, NAME, COMMENTS, JDBC_TYPE, JAVA_TYPE, JAVA_FIELD, IS_PK, IS_NULL, IS_INSERT, IS_EDIT, IS_LIST, IS_QUERY, QUERY_TYPE, SHOW_TYPE, DICT_TYPE, SETTINGS, SORT, CREATE_BY, CREATE_DATE, UPDATE_BY, UPDATE_DATE, REMARKS, DEL_FLAG)
values ('cfcfa06ea61749c9b4c4dbc507e0e580', 'f6e4dafaa72f4c509636484715f33a96', 'id', '编号', 'varchar2(64)', 'String', 'id', '1', '0', '1', '0', '0', '0', '=', 'input', null, null, 1, '1', to_timestamp('08-12-2013 11:16:19.095000', 'dd-mm-yyyy hh24:mi:ss.ff'), '1', to_timestamp('08-12-2013 13:49:47.756000', 'dd-mm-yyyy hh24:mi:ss.ff'), null, '0');
insert into GEN_TABLE_COLUMN (ID, GEN_TABLE_ID, NAME, COMMENTS, JDBC_TYPE, JAVA_TYPE, JAVA_FIELD, IS_PK, IS_NULL, IS_INSERT, IS_EDIT, IS_LIST, IS_QUERY, QUERY_TYPE, SHOW_TYPE, DICT_TYPE, SETTINGS, SORT, CREATE_BY, CREATE_DATE, UPDATE_BY, UPDATE_DATE, REMARKS, DEL_FLAG)
values ('9a012c1d2f934dbf996679adb7cc827a', 'f6e4dafaa72f4c509636484715f33a96', 'parent_id', '父级编号', 'varchar2(64)', 'This', 'parent.id|name', '0', '0', '1', '1', '0', '0', '=', 'treeselect', null, null, 2, '1', to_timestamp('08-12-2013 11:16:19.096000', 'dd-mm-yyyy hh24:mi:ss.ff'), '1', to_timestamp('08-12-2013 13:49:47.759000', 'dd-mm-yyyy hh24:mi:ss.ff'), null, '0');
insert into GEN_TABLE_COLUMN (ID, GEN_TABLE_ID, NAME, COMMENTS, JDBC_TYPE, JAVA_TYPE, JAVA_FIELD, IS_PK, IS_NULL, IS_INSERT, IS_EDIT, IS_LIST, IS_QUERY, QUERY_TYPE, SHOW_TYPE, DICT_TYPE, SETTINGS, SORT, CREATE_BY, CREATE_DATE, UPDATE_BY, UPDATE_DATE, REMARKS, DEL_FLAG)
values ('24bbdc0a555e4412a106ab1c5f03008e', 'f6e4dafaa72f4c509636484715f33a96', 'parent_ids', '所有父级编号', 'varchar2(2000)', 'String', 'parentIds', '0', '0', '1', '1', '0', '0', 'like', 'input', null, null, 3, '1', to_timestamp('08-12-2013 11:16:19.098000', 'dd-mm-yyyy hh24:mi:ss.ff'), '1', to_timestamp('08-12-2013 13:49:47.761000', 'dd-mm-yyyy hh24:mi:ss.ff'), null, '0');
insert into GEN_TABLE_COLUMN (ID, GEN_TABLE_ID, NAME, COMMENTS, JDBC_TYPE, JAVA_TYPE, JAVA_FIELD, IS_PK, IS_NULL, IS_INSERT, IS_EDIT, IS_LIST, IS_QUERY, QUERY_TYPE, SHOW_TYPE, DICT_TYPE, SETTINGS, SORT, CREATE_BY, CREATE_DATE, UPDATE_BY, UPDATE_DATE, REMARKS, DEL_FLAG)
values ('633f5a49ec974c099158e7b3e6bfa930', 'f6e4dafaa72f4c509636484715f33a96', 'name', '名称', 'nvarchar2(100)', 'String', 'name', '0', '0', '1', '1', '1', '1', 'like', 'input', null, null, 4, '1', to_timestamp('08-12-2013 11:16:19.115000', 'dd-mm-yyyy hh24:mi:ss.ff'), '1', to_timestamp('08-12-2013 13:49:47.763000', 'dd-mm-yyyy hh24:mi:ss.ff'), null, '0');
insert into GEN_TABLE_COLUMN (ID, GEN_TABLE_ID, NAME, COMMENTS, JDBC_TYPE, JAVA_TYPE, JAVA_FIELD, IS_PK, IS_NULL, IS_INSERT, IS_EDIT, IS_LIST, IS_QUERY, QUERY_TYPE, SHOW_TYPE, DICT_TYPE, SETTINGS, SORT, CREATE_BY, CREATE_DATE, UPDATE_BY, UPDATE_DATE, REMARKS, DEL_FLAG)
values ('6763ff6dc7cd4c668e76cf9b697d3ff6', 'f6e4dafaa72f4c509636484715f33a96', 'sort', '排序', 'number(10)', 'Integer', 'sort', '0', '0', '1', '1', '1', '0', '=', 'input', null, null, 5, '1', to_timestamp('08-12-2013 11:16:19.116000', 'dd-mm-yyyy hh24:mi:ss.ff'), '1', to_timestamp('08-12-2013 13:49:47.764000', 'dd-mm-yyyy hh24:mi:ss.ff'), null, '0');
insert into GEN_TABLE_COLUMN (ID, GEN_TABLE_ID, NAME, COMMENTS, JDBC_TYPE, JAVA_TYPE, JAVA_FIELD, IS_PK, IS_NULL, IS_INSERT, IS_EDIT, IS_LIST, IS_QUERY, QUERY_TYPE, SHOW_TYPE, DICT_TYPE, SETTINGS, SORT, CREATE_BY, CREATE_DATE, UPDATE_BY, UPDATE_DATE, REMARKS, DEL_FLAG)
values ('195ee9241f954d008fe01625f4adbfef', 'f6e4dafaa72f4c509636484715f33a96', 'create_by', '创建者', 'varchar2(64)', 'com.swift.jeepower.modules.modules.sys.entity.User', 'createBy.id', '0', '0', '1', '0', '0', '0', '=', 'input', null, null, 6, '1', to_timestamp('08-12-2013 11:16:19.117000', 'dd-mm-yyyy hh24:mi:ss.ff'), '1', to_timestamp('08-12-2013 13:49:47.766000', 'dd-mm-yyyy hh24:mi:ss.ff'), null, '0');
insert into GEN_TABLE_COLUMN (ID, GEN_TABLE_ID, NAME, COMMENTS, JDBC_TYPE, JAVA_TYPE, JAVA_FIELD, IS_PK, IS_NULL, IS_INSERT, IS_EDIT, IS_LIST, IS_QUERY, QUERY_TYPE, SHOW_TYPE, DICT_TYPE, SETTINGS, SORT, CREATE_BY, CREATE_DATE, UPDATE_BY, UPDATE_DATE, REMARKS, DEL_FLAG)
values ('92481c16a0b94b0e8bba16c3c54eb1e4', 'f6e4dafaa72f4c509636484715f33a96', 'create_date', '创建时间', 'timestamp(6)', 'java.util.Date', 'createDate', '0', '0', '1', '0', '0', '0', '=', 'dateselect', null, null, 7, '1', to_timestamp('08-12-2013 11:16:19.118000', 'dd-mm-yyyy hh24:mi:ss.ff'), '1', to_timestamp('08-12-2013 13:49:47.768000', 'dd-mm-yyyy hh24:mi:ss.ff'), null, '0');
insert into GEN_TABLE_COLUMN (ID, GEN_TABLE_ID, NAME, COMMENTS, JDBC_TYPE, JAVA_TYPE, JAVA_FIELD, IS_PK, IS_NULL, IS_INSERT, IS_EDIT, IS_LIST, IS_QUERY, QUERY_TYPE, SHOW_TYPE, DICT_TYPE, SETTINGS, SORT, CREATE_BY, CREATE_DATE, UPDATE_BY, UPDATE_DATE, REMARKS, DEL_FLAG)
values ('bb1256a8d1b741f6936d8fed06f45eed', 'f6e4dafaa72f4c509636484715f33a96', 'update_by', '更新者', 'varchar2(64)', 'com.swift.jeepower.modules.modules.sys.entity.User', 'updateBy.id', '0', '0', '1', '1', '0', '0', '=', 'input', null, null, 8, '1', to_timestamp('08-12-2013 11:16:19.119000', 'dd-mm-yyyy hh24:mi:ss.ff'), '1', to_timestamp('08-12-2013 13:49:47.770000', 'dd-mm-yyyy hh24:mi:ss.ff'), null, '0');
insert into GEN_TABLE_COLUMN (ID, GEN_TABLE_ID, NAME, COMMENTS, JDBC_TYPE, JAVA_TYPE, JAVA_FIELD, IS_PK, IS_NULL, IS_INSERT, IS_EDIT, IS_LIST, IS_QUERY, QUERY_TYPE, SHOW_TYPE, DICT_TYPE, SETTINGS, SORT, CREATE_BY, CREATE_DATE, UPDATE_BY, UPDATE_DATE, REMARKS, DEL_FLAG)
values ('416c76d2019b4f76a96d8dc3a8faf84c', 'f6e4dafaa72f4c509636484715f33a96', 'update_date', '更新时间', 'timestamp(6)', 'java.util.Date', 'updateDate', '0', '0', '1', '1', '1', '0', '=', 'dateselect', null, null, 9, '1', to_timestamp('08-12-2013 11:16:19.120000', 'dd-mm-yyyy hh24:mi:ss.ff'), '1', to_timestamp('08-12-2013 13:49:47.772000', 'dd-mm-yyyy hh24:mi:ss.ff'), null, '0');
insert into GEN_TABLE_COLUMN (ID, GEN_TABLE_ID, NAME, COMMENTS, JDBC_TYPE, JAVA_TYPE, JAVA_FIELD, IS_PK, IS_NULL, IS_INSERT, IS_EDIT, IS_LIST, IS_QUERY, QUERY_TYPE, SHOW_TYPE, DICT_TYPE, SETTINGS, SORT, CREATE_BY, CREATE_DATE, UPDATE_BY, UPDATE_DATE, REMARKS, DEL_FLAG)
values ('f5ed8c82bad0413fbfcccefa95931358', 'f6e4dafaa72f4c509636484715f33a96', 'remarks', '备注信息', 'nvarchar2(255)', 'String', 'remarks', '0', '1', '1', '1', '1', '0', '=', 'textarea', null, null, 10, '1', to_timestamp('08-12-2013 11:16:19.121000', 'dd-mm-yyyy hh24:mi:ss.ff'), '1', to_timestamp('08-12-2013 13:49:47.774000', 'dd-mm-yyyy hh24:mi:ss.ff'), null, '0');
insert into GEN_TABLE_COLUMN (ID, GEN_TABLE_ID, NAME, COMMENTS, JDBC_TYPE, JAVA_TYPE, JAVA_FIELD, IS_PK, IS_NULL, IS_INSERT, IS_EDIT, IS_LIST, IS_QUERY, QUERY_TYPE, SHOW_TYPE, DICT_TYPE, SETTINGS, SORT, CREATE_BY, CREATE_DATE, UPDATE_BY, UPDATE_DATE, REMARKS, DEL_FLAG)
values ('46e6d8283270493687085d29efdecb05', 'f6e4dafaa72f4c509636484715f33a96', 'del_flag', '删除标记（0：正常；1：删除）', 'char(1)', 'String', 'delFlag', '0', '0', '1', '0', '0', '0', '=', 'radiobox', 'del_flag', null, 11, '1', to_timestamp('08-12-2013 11:16:19.122000', 'dd-mm-yyyy hh24:mi:ss.ff'), '1', to_timestamp('08-12-2013 13:49:47.775000', 'dd-mm-yyyy hh24:mi:ss.ff'), null, '0');
commit;
-- prompt 46 records loaded
-- insert menu
insert into sys_menu (ID, PARENT_ID, PARENT_IDS, NAME, SORT, HREF, TARGET, ICON, IS_SHOW, PERMISSION, CREATE_BY, CREATE_DATE, UPDATE_BY, UPDATE_DATE, REMARKS, DEL_FLAG)
values ('3c92c17886944d0687e73e286cada573', '79', '0,1,79,', '生成示例', 120, '', '', '', '1', '', '1', to_timestamp('08-12-2013 15:16:19.119000', 'dd-mm-yyyy hh24:mi:ss.ff'), '1', to_timestamp('08-12-2013 15:16:19.119000', 'dd-mm-yyyy hh24:mi:ss.ff'), '', '0');
insert into sys_menu (ID, PARENT_ID, PARENT_IDS, NAME, SORT, HREF, TARGET, ICON, IS_SHOW, PERMISSION, CREATE_BY, CREATE_DATE, UPDATE_BY, UPDATE_DATE, REMARKS, DEL_FLAG)
values ('ba8092291b40482db8fe7fc006ea3d76', '3c92c17886944d0687e73e286cada573', '0,1,79,3c92c17886944d0687e73e286cada573,', '单表', 30, '/test/testData', '', '', '1', '', '1', to_timestamp('08-12-2013 15:16:19.119000', 'dd-mm-yyyy hh24:mi:ss.ff'), '1', to_timestamp('08-12-2013 15:16:19.119000', 'dd-mm-yyyy hh24:mi:ss.ff'), '', '0');
insert into sys_menu (ID, PARENT_ID, PARENT_IDS, NAME, SORT, HREF, TARGET, ICON, IS_SHOW, PERMISSION, CREATE_BY, CREATE_DATE, UPDATE_BY, UPDATE_DATE, REMARKS, DEL_FLAG)
values ('0b2ebd4d639e4c2b83c2dd0764522f24', 'ba8092291b40482db8fe7fc006ea3d76', '0,1,79,3c92c17886944d0687e73e286cada573,ba8092291b40482db8fe7fc006ea3d76,', '编辑', 60, '', '', '', '0', 'test:testData:edit', '1', to_timestamp('08-12-2013 15:16:19.119000', 'dd-mm-yyyy hh24:mi:ss.ff'), '1', to_timestamp('08-12-2013 15:16:19.119000', 'dd-mm-yyyy hh24:mi:ss.ff'), '', '0');
insert into sys_menu (ID, PARENT_ID, PARENT_IDS, NAME, SORT, HREF, TARGET, ICON, IS_SHOW, PERMISSION, CREATE_BY, CREATE_DATE, UPDATE_BY, UPDATE_DATE, REMARKS, DEL_FLAG)
values ('df7ce823c5b24ff9bada43d992f373e2', 'ba8092291b40482db8fe7fc006ea3d76', '0,1,79,3c92c17886944d0687e73e286cada573,ba8092291b40482db8fe7fc006ea3d76,', '查看', 30, '', '', '', '0', 'test:testData:view', '1', to_timestamp('08-12-2013 15:16:19.119000', 'dd-mm-yyyy hh24:mi:ss.ff'), '1', to_timestamp('08-12-2013 15:16:19.119000', 'dd-mm-yyyy hh24:mi:ss.ff'), '', '0');
insert into sys_menu (ID, PARENT_ID, PARENT_IDS, NAME, SORT, HREF, TARGET, ICON, IS_SHOW, PERMISSION, CREATE_BY, CREATE_DATE, UPDATE_BY, UPDATE_DATE, REMARKS, DEL_FLAG)
values ('b1f6d1b86ba24365bae7fd86c5082317', '3c92c17886944d0687e73e286cada573', '0,1,79,3c92c17886944d0687e73e286cada573,', '主子表', 60, '/test/testDataMain', '', '', '1', '', '1', to_timestamp('08-12-2013 15:16:19.119000', 'dd-mm-yyyy hh24:mi:ss.ff'), '1', to_timestamp('08-12-2013 15:16:19.119000', 'dd-mm-yyyy hh24:mi:ss.ff'), '', '0');
insert into sys_menu (ID, PARENT_ID, PARENT_IDS, NAME, SORT, HREF, TARGET, ICON, IS_SHOW, PERMISSION, CREATE_BY, CREATE_DATE, UPDATE_BY, UPDATE_DATE, REMARKS, DEL_FLAG)
values ('4855cf3b25c244fb8500a380db189d97', 'b1f6d1b86ba24365bae7fd86c5082317', '0,1,79,3c92c17886944d0687e73e286cada573,b1f6d1b86ba24365bae7fd86c5082317,', '查看', 30, '', '', '', '0', 'test:testDataMain:view', '1', to_timestamp('08-12-2013 15:16:19.119000', 'dd-mm-yyyy hh24:mi:ss.ff'), '1', to_timestamp('08-12-2013 15:16:19.119000', 'dd-mm-yyyy hh24:mi:ss.ff'), '', '0');
insert into sys_menu (ID, PARENT_ID, PARENT_IDS, NAME, SORT, HREF, TARGET, ICON, IS_SHOW, PERMISSION, CREATE_BY, CREATE_DATE, UPDATE_BY, UPDATE_DATE, REMARKS, DEL_FLAG)
values ('d15ec45a4c5449c3bbd7a61d5f9dd1d2', 'b1f6d1b86ba24365bae7fd86c5082317', '0,1,79,3c92c17886944d0687e73e286cada573,b1f6d1b86ba24365bae7fd86c5082317,', '编辑', 60, '', '', '', '0', 'test:testDataMain:edit', '1', to_timestamp('08-12-2013 15:16:19.119000', 'dd-mm-yyyy hh24:mi:ss.ff'), '1', to_timestamp('08-12-2013 15:16:19.119000', 'dd-mm-yyyy hh24:mi:ss.ff'), '', '0');
insert into sys_menu (ID, PARENT_ID, PARENT_IDS, NAME, SORT, HREF, TARGET, ICON, IS_SHOW, PERMISSION, CREATE_BY, CREATE_DATE, UPDATE_BY, UPDATE_DATE, REMARKS, DEL_FLAG)
values ('0ca004d6b1bf4bcab9670a5060d82a55', '3c92c17886944d0687e73e286cada573', '0,1,79,3c92c17886944d0687e73e286cada573,', '树结构', 90, '/test/testTree', '', '', '1', '', '1', to_timestamp('08-12-2013 15:16:19.119000', 'dd-mm-yyyy hh24:mi:ss.ff'), '1', to_timestamp('08-12-2013 15:16:19.119000', 'dd-mm-yyyy hh24:mi:ss.ff'), '', '0');
insert into sys_menu (ID, PARENT_ID, PARENT_IDS, NAME, SORT, HREF, TARGET, ICON, IS_SHOW, PERMISSION, CREATE_BY, CREATE_DATE, UPDATE_BY, UPDATE_DATE, REMARKS, DEL_FLAG)
values ('c2e4d9082a0b4386884a0b203afe2c5c', '0ca004d6b1bf4bcab9670a5060d82a55', '0,1,79,3c92c17886944d0687e73e286cada573,0ca004d6b1bf4bcab9670a5060d82a55,', '查看', 30, '', '', '', '0', 'test:testTree:view', '1', to_timestamp('08-12-2013 15:16:19.119000', 'dd-mm-yyyy hh24:mi:ss.ff'), '1', to_timestamp('08-12-2013 15:16:19.119000', 'dd-mm-yyyy hh24:mi:ss.ff'), '', '0');
insert into sys_menu (ID, PARENT_ID, PARENT_IDS, NAME, SORT, HREF, TARGET, ICON, IS_SHOW, PERMISSION, CREATE_BY, CREATE_DATE, UPDATE_BY, UPDATE_DATE, REMARKS, DEL_FLAG)
values ('afab2db430e2457f9cf3a11feaa8b869', '0ca004d6b1bf4bcab9670a5060d82a55', '0,1,79,3c92c17886944d0687e73e286cada573,0ca004d6b1bf4bcab9670a5060d82a55,', '编辑', 60, '', '', '', '0', 'test:testTree:edit', '1', to_timestamp('08-12-2013 15:16:19.119000', 'dd-mm-yyyy hh24:mi:ss.ff'), '1', to_timestamp('08-12-2013 15:16:19.119000', 'dd-mm-yyyy hh24:mi:ss.ff'), '', '0');
commit;
